residue,coevolution
1,0.11089119
2,0.238135829
3,0.307507209
4,0.5668112
5,0.271554088
6,0.185937044
7,0.499203116
8,0.443709192
9,0.099770969
10,0.100711554
11,0.261224919
12,0.344281005
13,0.227609334
14,0.343374647
15,0.071903061
16,0.177772529
17,0.501976187
18,0.352986122
19,0.296091444
20,0.257370851
21,0.156408875
22,0.209199843
23,0.071903061
24,0.06664633
25,0.071903061
26,0.267921109
27,0.114319141
28,0.104706587
29,0.469624282
30,0.289116912
31,0.334345267
32,0.230737547
33,0.152121647
34,0.086810842
35,0.082920758
36,0.082920758
37,0.231803727
38,0.075216293
39,0.189514521
40,0.291090347
41,0.416500175
42,0.240755789
43,0.054551072
44,0.213345592
45,0.321951483
46,0.14028531
47,0.082920758
48,0.054551072
49,0.475624916
50,0.268903502
51,0.32106563
52,0.253829807
53,0.095021706
54,0.43573745
55,0.258385406
56,0.114625319
57,0.198916902
58,0.253081705
59,0.543164869
60,0.3427537
61,0.074110554
62,0.402129175
63,0.390255577
64,0.180342969
65,0.074110554
66,0.23527703
67,0.177442809
68,0.110498777
69,0.074110554
70,0.074110554
71,0.050492775
72,0.387623153
73,0.091815224
74,0.080087759
75,0.512582364
76,0.050492775
77,0.118200695
78,0.499797919
79,0.431496203
80,0.16873216
81,0.029344186
82,0.508569489
83,0.50373375
84,0.188652064
85,-6.49111E-16
86,0.247854876
87,0.657949985
88,0.119501335
89,0.170807556
90,0.101087313
91,0.278433684
92,-6.49456E-16
93,-6.49456E-16
94,0.253590323
95,0.073618214
96,-6.49915E-16
97,0.647849872
98,0.37242658
99,0.191890348
100,0.19994943
101,0.107850037
102,0.33511293
103,0.300637068
104,0.065311202
105,-6.50138E-16
106,0.383413706
107,0.14920952
108,0.237429703
109,0.285309148
110,0.518949469
111,0.083337849
112,0.037259537
113,0.450321743
114,0.416699462
115,0.214670545
116,0.478935209
117,0.517291797
118,0.258439666
119,0.068758854
120,0.160540277
121,0.150405623
122,0.172435248
123,-6.50695E-16
124,-6.50695E-16
125,-6.50695E-16
126,0.029503926
127,0.029503926
128,-6.50695E-16
129,-6.50695E-16
130,-6.50695E-16
131,-6.50695E-16
132,-6.50695E-16
133,0.206552899
134,0.037259537
135,0.105464836
136,0.078766157
137,0.207389766
138,0.037259537
139,0.071869457
140,0.065415762
141,0.187653498
142,0.49940369
143,0.342046959
144,0.543594159
145,0.350847376
146,0.560464338
147,0.421139145
148,0.197636557
149,0.48137153
150,0.232992958
151,0.08559137
152,0.120129202
153,0.570553876
154,0.322433653
155,-6.51504E-16
156,0.20257829
157,0.532797674
158,0.528216698
159,-6.51544E-16
160,0.039361198
161,0.520076952
162,0.103444147
163,0.580559443
164,0.090770924
165,0.023907449
166,0.023907449
167,-6.5178E-16
168,0.023907449
169,0.060931027
170,0.023907449
171,0.023907449
172,0.173126475
173,0.023907449
174,0.023907449
175,0.034305576
176,0.579559818
177,-6.51883E-16
178,0.106793324
179,0.412608498
180,0.614833365
181,0.190596477
182,0.215532627
183,0.371855848
184,0.500908244
185,0.502414508
186,0.352668083
187,0.544211142
188,0.082615006
189,0.410696847
190,0.424609961
191,0.411240791
192,0.526520967
193,0.207667589
194,0.528065314
195,0.371424744
196,0.465754582
197,0.548462361
198,0.414510112
199,0.553160196
200,0.353660468
201,0.459497779
202,0.437907216
203,0.440756959
204,0.139747324
205,0.528482276
206,0.407402995
207,0.515598721
208,0.358332534
209,0.251259046
210,0.414673857
211,0.404058335
212,0.52234671
213,0.345313764
214,0.56861942
215,0.301768718
216,0.493093824
217,0.208827425
218,0.565644918
219,0.292156395
220,0.575453605
221,0.415137472
222,0.463143584
223,0.376454245
224,0.39087375
225,0.563275229
226,0.502858469
227,0.276143706
228,0.646611622
229,0.542973679
230,0.679695315
231,0.477221475
232,0.61557377
233,0.403053018
234,0.343208051
235,0.535526923
236,0.579263649
237,0.594519522
238,0.619958788
239,0.546400676
240,0.63874535
241,0.565235062
242,0.714361077
243,0.529104417
244,0.500311775
245,0.460358895
246,0.405225104
247,0.438459994
248,0.303665873
249,0.201047692
250,0.4687507
251,0.024520325
252,-6.55826E-16
253,0.144876486
254,0.208032501
255,0.230399031
256,0.270615433
257,0.266132108
258,0.301638581
259,0.386079214
260,0.132241185
261,0.452394121
262,0.405293806
263,0.443107736
264,0.399875217
265,0.567482066
266,0.295790901
267,0.22015107
268,0.282449802
269,0.270405842
270,0.311151458
271,0.075632892
272,0.135269791
273,0.103642882
274,-6.57312E-16
275,0.29302016
276,0.037259537
277,-6.57364E-16
278,0.077435535
279,0.037960209
280,0.262364054
281,0.631478845
282,0.615496245
283,0.652853339
284,0.639767656
285,0.634985961
286,0.634036139
287,0.651462296
288,0.543211833
289,0.676241349
290,0.54502113
291,0.526556641
292,0.361892956
293,0.353789908
294,0.551121162
295,0.457426908
296,0.511165719
297,0.549461211
298,0.531232435
299,0.45529903
300,0.440767563
301,0.505233041
302,0.347038282
303,0.331924391
304,0.291085774
305,0.548654628
306,0.528269772
307,0.645965616
308,0.59297616
309,0.608871519
310,0.445158256
311,0.624643344
312,0.549014258
313,0.58737263
314,0.601161926
315,0.625722192
316,0.496224691
317,0.546944278
318,0.312986802
319,0.353209884
320,0.184975588
321,0.507200055
322,0.062612391
323,0.629505642
324,0.31584809
325,0.124785653
326,-6.59218E-16
327,0.448759567
328,0.15537003
329,0.377878874
330,0.032605983
331,0.062612391
332,0.302109614
333,0.50419542
334,0.326639249
335,0.229300448
336,0.574208686
337,0.220212722
338,0.205143189
339,0.361663375
340,0.302799788
341,0.025239895
342,0.184143517
343,0.203432152
344,0.590397427
345,0.328858916
346,0.551429738
347,0.328260117
348,0.581152659
349,0.611347461
350,0.620469535
351,0.579034259
352,0.541922887
353,0.67599399
354,0.477193393
355,0.424970245
356,0.472780999
357,0.486733825
358,0.554809218
359,0.428415594
360,0.507370479
361,0.470598384
362,0.429295866
363,0.393540351
364,0.441402698
365,0.519912764
366,0.48079708
367,0.29629792
368,0.473127107
369,0.431061171
370,0.342814782
371,0.485471718
372,0.470730554
373,0.541015327
374,0.439551623
375,0.400627019
376,0.460174335
377,0.505049439
378,0.397912741
379,0.497022477
380,0.395510119
381,0.20569062
382,0.336539544
383,0.384510511
384,0.264443453
385,0.417577781
386,0.268097911
387,0.357553881
388,0.271339381
389,0.289177195
390,0.273745335
391,0.281788884
392,0.246782402
393,0.246249066
394,0.218806183
395,0.216792071
396,0.276482332
397,0.179630805
398,0.240554855
399,0.199654592
400,0.199654592
401,0.199654592
402,0.199654592
403,0.199654592
