residue,consurfgrade,disease
3,7,CANCER
5,7,CANCER
6,9,CANCER
10,9,CANCER
11,8,CANCER
13,9,CANCER
14,8,CANCER
15,9,CANCER
16,7,CANCER
19,7,CANCER
20,7,CANCER
21,8,CANCER
24,9,CANCER
25,9,CANCER
27,9,CANCER
28,8,CANCER
31,8,CANCER
32,7,CANCER
33,9,CANCER
34,9,CANCER
35,9,CANCER
36,9,CANCER
37,8,CANCER
38,9,CANCER
39,9,CANCER
41,7,CANCER
43,9,CANCER
46,8,CANCER
47,9,CANCER
48,9,CANCER
49,7,CANCER
50,8,CANCER
52,8,CANCER
53,9,CANCER
55,7,CANCER
57,7,CANCER
60,7,CANCER
61,9,CANCER
65,9,CANCER
66,7,CANCER
67,7,CANCER
69,9,CANCER
70,9,CANCER
71,9,CANCER
72,8,CANCER
73,9,CANCER
74,8,CANCER
81,9,CANCER
85,9,CANCER
90,9,CANCER
91,7,CANCER
92,9,CANCER
93,9,CANCER
94,9,CANCER
95,8,CANCER
96,9,CANCER
101,8,CANCER
104,8,CANCER
105,7,CANCER
107,7,CANCER
108,7,CANCER
111,8,CANCER
112,8,CANCER
115,7,CANCER
118,9,CANCER
119,8,CANCER
120,8,CANCER
121,8,CANCER
122,8,CANCER
123,9,CANCER
124,9,CANCER
125,9,CANCER
126,9,CANCER
127,9,CANCER
128,9,CANCER
129,9,CANCER
130,9,CANCER
131,9,CANCER
132,9,CANCER
134,9,CANCER
135,8,CANCER
136,7,CANCER
138,7,CANCER
139,9,CANCER
140,8,CANCER
141,7,CANCER
148,8,CANCER
151,9,CANCER
152,8,CANCER
155,9,CANCER
156,7,CANCER
159,9,CANCER
160,9,CANCER
162,7,CANCER
164,9,CANCER
165,9,CANCER
166,9,CANCER
167,9,CANCER
168,9,CANCER
169,9,CANCER
170,9,CANCER
171,9,CANCER
172,7,CANCER
173,9,CANCER
174,9,CANCER
175,9,CANCER
177,9,CANCER
178,7,CANCER
227,7,CANCER
251,7,CANCER
252,9,CANCER
254,7,CANCER
271,9,CANCER
273,8,CANCER
274,9,CANCER
275,7,CANCER
276,9,CANCER
279,9,CANCER
325,7,CANCER
326,9,CANCER
328,8,CANCER
330,9,CANCER
331,9,CANCER
334,7,CANCER
335,8,CANCER
337,7,CANCER
338,8,CANCER
341,9,CANCER
384,8,CANCER
388,7,CANCER
1,9,ASD
6,9,ASD
12,7,ASD
13,9,ASD
14,8,ASD
15,9,ASD
22,9,ASD
23,9,ASD
24,9,ASD
25,9,ASD
26,7,ASD
27,9,ASD
34,9,ASD
35,9,ASD
36,9,ASD
38,9,ASD
39,9,ASD
43,9,ASD
48,9,ASD
50,8,ASD
61,9,ASD
65,9,ASD
68,9,ASD
70,9,ASD
92,9,ASD
93,9,ASD
95,8,ASD
96,9,ASD
101,8,ASD
105,7,ASD
107,7,ASD
111,8,ASD
118,9,ASD
122,8,ASD
123,9,ASD
125,9,ASD
126,9,ASD
127,9,ASD
128,9,ASD
129,9,ASD
130,9,ASD
131,9,ASD
132,9,ASD
133,8,ASD
134,9,ASD
135,8,ASD
136,7,ASD
139,9,ASD
141,7,ASD
155,9,ASD
159,9,ASD
160,9,ASD
162,7,ASD
164,9,ASD
165,9,ASD
167,9,ASD
170,9,ASD
171,9,ASD
173,9,ASD
177,9,ASD
252,9,ASD
254,7,ASD
267,7,ASD
274,9,ASD
276,9,ASD
277,9,ASD
326,9,ASD
335,8,ASD
343,8,ASD
13,9,ASD_CANCER
14,8,ASD_CANCER
15,9,ASD_CANCER
26,7,ASD_CANCER
27,9,ASD_CANCER
34,9,ASD_CANCER
36,9,ASD_CANCER
61,9,ASD_CANCER
68,9,ASD_CANCER
92,9,ASD_CANCER
93,9,ASD_CANCER
101,8,ASD_CANCER
111,8,ASD_CANCER
125,9,ASD_CANCER
129,9,ASD_CANCER
131,9,ASD_CANCER
132,9,ASD_CANCER
134,9,ASD_CANCER
135,8,ASD_CANCER
139,9,ASD_CANCER
155,9,ASD_CANCER
165,9,ASD_CANCER
167,9,ASD_CANCER
173,9,ASD_CANCER
177,9,ASD_CANCER
252,9,ASD_CANCER
277,9,ASD_CANCER
3,7,CONTROL
29,7,CONTROL
56,8,CONTROL
77,8,CONTROL
123,9,CONTROL
128,9,CONTROL
131,9,CONTROL
139,9,CONTROL
171,9,CONTROL
324,7,CONTROL
